cluster,injury_risk_rate,count
1,45.29316837009144,3718
0,36.925395629238885,2654
