,Accuracy_Mean,Accuracy_Std,Precision_Mean,Precision_Std,Recall_Mean,Recall_Std,F1 Score_Mean,F1 Score_Std
Model 1 (SMOTE),0.9930769148902204,0.004839317999060669,0.9931368259977778,0.004804423147695295,0.9930747126436781,0.0048465224408158775,0.9930743760413205,0.00484541977528545
Model 2 (No Balancing),0.9897171556965372,0.006490966240552573,0.9849915258626692,0.008039354440401233,0.9743575528920356,0.01917321412134481,0.978958457447539,0.011991328614491854
Model 3 (SMOTEENN),0.9971896955503512,0.003441905961756226,0.9971830054539075,0.0034501629956689285,0.9971928091608943,0.0034515217302109806,0.9971846239036243,0.0034503847961235836
Model 4 (Class Weights),0.986629659000793,0.006166296621680633,0.983429365288252,0.007691514527258002,0.9689020974365803,0.022483948927319763,0.9754811325655712,0.013573458977391043
