Model,Accuracy,F1,AUC
Original Model,1.0,1.0,1.0
Without Leaked Features,0.984313725490196,0.9810964083175804,0.9979190160966507
Alternative Target,0.9592156862745098,0.9405034324942791,0.9825142770860185
Athlete-Based CV,1.0,1.0,1.0
