Model,Accuracy,Precision,Recall,F1,ROC AUC,CV Mean ROC AUC,CV Std ROC AUC
RF_No_Balancing,0.984313725490196,0.9885714285714285,0.9737335834896811,0.9810964083175804,0.9970112722068544,0.9959330177109994,0.002058411994589834
RF_with_SMOTE,0.9874509803921568,0.9886578449905482,0.9812382739212008,0.9849340866290018,0.9976889194560616,0.9959330177109994,0.002058411994589834
RF_with_SMOTEENN,0.9090196078431373,0.9128712871287129,0.8649155722326454,0.8882466281310212,0.9619354414568405,0.9959330177109994,0.002058411994589834
