Model,Accuracy,F1,ROC AUC,CV ROC AUC,CV ROC AUC Std
RF_No_Balancing,0.9694117647058823,0.9626794258373206,0.9956976985278871,0.9947619322530755,0.0022668679918368753
RF_with_SMOTE,0.9505882352941176,0.9392478302796529,0.99298963806557,0.9947619322530755,0.0022668679918368753
RF_with_SMOTEENN,0.9035294117647059,0.8809293320425944,0.9518149820726903,0.9947619322530755,0.0022668679918368753
RF_with_Class_Weights,0.9741176470588235,0.9687203791469194,0.9960466362905387,0.9951040533070218,0.002105053965502562
