,Risk Category,Count,Percentage
0,Low Risk,722,74.2798353909465
1,Medium Risk,183,18.82716049382716
2,High Risk,67,6.893004115226338
